{
  "project_info": {
    "project_number": "44195834951",
    "firebase_url": "https://kotlinmessageres.firebaseio.com",
    "project_id": "kotlinmessageres",
    "storage_bucket": "kotlinmessageres.appspot.com"
  },
  "client": [
    {
      "client_info": {
        "mobilesdk_app_id": "1:44195834951:android:4ca3840c42e159d6",
        "android_client_info": {
          "package_name": "com.example.fess.kotlinmassage1"
        }
      },
      "oauth_client": [
        {
          "client_id": "44195834951-r9i5olehmbo7gmjser8sg3gff6u0io8l.apps.googleusercontent.com",
          "client_type": 3
        }
      ],
      "api_key": [
        {
          "current_key": "AIzaSyDqrRmBo85Vb8DKxH1HCd2UGowdDoHP8Ac"
        }
      ],
      "services": {
        "analytics_service": {
          "status": 1
        },
        "appinvite_service": {
          "status": 1,
          "other_platform_oauth_client": []
        },
        "ads_service": {
          "status": 2
        }
      }
    }
  ],
  "configuration_version": "1"
}